{
  "model": "email_bilstm",
  "accuracy": 0.9595851302146912,
  "precision": 0.9538745284080505,
  "recall": 0.9425706267356873,
  "f1": 0.948188904172398,
  "samples": 18634
}